{
  "8": 264.53150905227363,
  "4": 71.81127159157775,
  "28": 190.46536660959978,
  "38": 186.6572238356822,
  "36": 64.6237392062816,
  "31": 175.1470756609756,
  "37": 59.36150179051245,
  "6": 256.82289122483814,
  "9": 261.73506673901295,
  "32": 77.41172598194703,
  "11": 315.07508049955095,
  "22": 500.9247579262152,
  "7": 503.123452647475,
  "26": 117.76852439685024,
  "5": 149.4617996753182,
  "35": 60.922937263028665,
  "18": 146.12270133290184,
  "24": 1045.3479485244852,
  "17": 140.97247677335406,
  "33": 53.26823680169256,
  "14": 23.775527846764007,
  "20": 259.3691606682711,
  "0": 17.657323951977574,
  "23": 549.3021490302533,
  "21": 281.4136094228997,
  "29": 372.7481858182357,
  "16": 118.92366538748259,
  "34": 51.850927213510914,
  "10": 309.26712750558676,
  "2": 37.8823319479618,
  "27": 152.50174764403818,
  "13": 39.08061111530167,
  "30": 249.91304909129425,
  "3": 19.129764263810664,
  "19": 186.07650033269402,
  "15": 41.08855665527644,
  "12": 5.123963979403259,
  "25": 38.455602737912436,
  "1": 7.763021309018518
}